{
  "hash": "55ddfc6b",
  "configHash": "9b18b187",
  "lockfileHash": "9b0aa7d4",
  "browserHash": "ebd7e309",
  "optimized": {
    "@angular/common": {
      "src": "../../../../../node_modules/@angular/common/fesm2022/common.mjs",
      "file": "@angular_common.js",
      "fileHash": "c9fea943",
      "needsInterop": false
    },
    "@angular/core": {
      "src": "../../../../../node_modules/@angular/core/fesm2022/core.mjs",
      "file": "@angular_core.js",
      "fileHash": "23353d84",
      "needsInterop": false
    },
    "@angular/forms": {
      "src": "../../../../../node_modules/@angular/forms/fesm2022/forms.mjs",
      "file": "@angular_forms.js",
      "fileHash": "8fc514c8",
      "needsInterop": false
    },
    "@angular/material/icon": {
      "src": "../../../../../node_modules/@angular/material/fesm2022/icon.mjs",
      "file": "@angular_material_icon.js",
      "fileHash": "51f63466",
      "needsInterop": false
    },
    "@angular/material/snack-bar": {
      "src": "../../../../../node_modules/@angular/material/fesm2022/snack-bar.mjs",
      "file": "@angular_material_snack-bar.js",
      "fileHash": "f054bc7c",
      "needsInterop": false
    },
    "@angular/platform-browser": {
      "src": "../../../../../node_modules/@angular/platform-browser/fesm2022/platform-browser.mjs",
      "file": "@angular_platform-browser.js",
      "fileHash": "61eec8be",
      "needsInterop": false
    },
    "@angular/platform-browser/animations": {
      "src": "../../../../../node_modules/@angular/platform-browser/fesm2022/animations.mjs",
      "file": "@angular_platform-browser_animations.js",
      "fileHash": "e6204910",
      "needsInterop": false
    },
    "@angular/platform-browser/animations/async": {
      "src": "../../../../../node_modules/@angular/platform-browser/fesm2022/animations/async.mjs",
      "file": "@angular_platform-browser_animations_async.js",
      "fileHash": "78033e89",
      "needsInterop": false
    },
    "@angular/router": {
      "src": "../../../../../node_modules/@angular/router/fesm2022/router.mjs",
      "file": "@angular_router.js",
      "fileHash": "760df241",
      "needsInterop": false
    }
  },
  "chunks": {
    "browser-CFSR544T": {
      "file": "browser-CFSR544T.js"
    },
    "chunk-KHQGROHD": {
      "file": "chunk-KHQGROHD.js"
    },
    "chunk-MLADSNGP": {
      "file": "chunk-MLADSNGP.js"
    },
    "chunk-5NICU6GZ": {
      "file": "chunk-5NICU6GZ.js"
    },
    "chunk-7CZR54RF": {
      "file": "chunk-7CZR54RF.js"
    },
    "chunk-BUWTFFB4": {
      "file": "chunk-BUWTFFB4.js"
    },
    "chunk-373GJZYN": {
      "file": "chunk-373GJZYN.js"
    }
  }
}